-- phpMyAdmin SQL Dump
-- version 5.0.1
-- https://www.phpmyadmin.net/
--
-- Host: 127.0.0.1
-- Generation Time: Mar 22, 2021 at 09:10 PM
-- Server version: 10.4.11-MariaDB
-- PHP Version: 7.4.1

SET SQL_MODE = "NO_AUTO_VALUE_ON_ZERO";
SET AUTOCOMMIT = 0;
START TRANSACTION;
SET time_zone = "+00:00";


/*!40101 SET @OLD_CHARACTER_SET_CLIENT=@@CHARACTER_SET_CLIENT */;
/*!40101 SET @OLD_CHARACTER_SET_RESULTS=@@CHARACTER_SET_RESULTS */;
/*!40101 SET @OLD_COLLATION_CONNECTION=@@COLLATION_CONNECTION */;
/*!40101 SET NAMES utf8mb4 */;

--
-- Database: `news-site`
--

-- --------------------------------------------------------

--
-- Table structure for table `category`
--

CREATE TABLE `category` (
  `category_id` int(11) NOT NULL,
  `category_name` varchar(100) CHARACTER SET utf8mb4 NOT NULL,
  `post` int(11) NOT NULL DEFAULT 0
) ENGINE=MyISAM DEFAULT CHARSET=latin1;

--
-- Dumping data for table `category`
--

INSERT INTO `category` (`category_id`, `category_name`, `post`) VALUES
(31, 'Politics', 0),
(33, 'Sports News', 0),
(34, 'Business', 0),
(35, 'Entertainment', 0),
(36, 'Education', 0),
(37, 'Job', 0),
(38, 'World News', 0),
(39, 'Bangladesh', 0);

-- --------------------------------------------------------

--
-- Table structure for table `contact`
--

CREATE TABLE `contact` (
  `contact_id` int(11) NOT NULL,
  `name` varchar(100) NOT NULL,
  `email` varchar(100) NOT NULL,
  `message` text NOT NULL,
  `created` timestamp NOT NULL DEFAULT current_timestamp()
) ENGINE=InnoDB DEFAULT CHARSET=utf8mb4;

--
-- Dumping data for table `contact`
--

INSERT INTO `contact` (`contact_id`, `name`, `email`, `message`, `created`) VALUES
(4, 'Tamim', 'tamim@gmail.com', 'hello i want need your helpবাংলাদেশ পল্লী বিদ্যুতায়ন বোর্ড-এর রাজস্ব খাতভুক্ত \'হিসাবরক্ষক\' পদে নিয়োগ ... পটুয়াখালী পবিস এ বিলিং সহকারী পদে নিয়োগ বিজ্ঞপ্তি ও আবেদন ফরম, ১৪/০৯/২০২০, pdf ... /সহকারী ক্যাশিয়ার এর শূন্য পদে লোকবল নিয়োগের নিয়োগ বিজ্ঞপ্তি, ২৮-১০-২০১৯, pdf ... ব্রাহ্মণবাড়িয়া পবিস এ ডাটা এন্ট্রি অপারেটর ও মালী পদের নিয়োগ বিজ্ঞপ্তি, ০১-০৯-২০১৯, pdf..', '2021-03-22 06:46:10'),
(5, 'Shah Mahbub', 'mahbub@gmail.com', 'ইসলামী বিশ্ববিদ্যালয়\r\nঅনলাইন দরপত্রের তথ্যও এবার ফাঁস', '2021-03-22 07:36:06'),
(6, 'shamim', 'shamim@gmail.com', 'i want to published new news in your newsPortal..this the wonder full news in this site', '2021-03-22 19:14:52');

-- --------------------------------------------------------

--
-- Table structure for table `post`
--

CREATE TABLE `post` (
  `post_id` int(11) NOT NULL,
  `title` varchar(100) CHARACTER SET utf8 NOT NULL,
  `description` text CHARACTER SET utf8 NOT NULL,
  `category` int(11) NOT NULL,
  `post_date` timestamp NOT NULL DEFAULT current_timestamp(),
  `author` int(11) NOT NULL,
  `post_img` varchar(100) NOT NULL
) ENGINE=MyISAM DEFAULT CHARSET=latin1;

--
-- Dumping data for table `post`
--

INSERT INTO `post` (`post_id`, `title`, `description`, `category`, `post_date`, `author`, `post_img`) VALUES
(62, 'পেনশনার সঞ্চয়পত্র, বিনিয়োগসীমা ও মুনাফা যেখানে সবচেয়ে বেশি', 'পেনশনার সঞ্চয়পত্র আছে ৫০ হাজার টাকা, ১ লাখ টাকা, ২ লাখ টাকা, ৫ লাখ টাকা এবং ১০ লাখ টাকা মূল্যমানের। এগুলো কেনা যায় জাতীয় সঞ্চয় ব্যুরো, বাংলাদেশ ব্যাংকসহ সব তফসিলি ব্যাংক ও ডাকঘর থেকে। যে জায়গা থেকে কেনা হয়, সে জায়গা থেকেই ভাঙাতে হয়।\r\n\r\nপেনশনার সঞ্চয়পত্র পাঁচ বছর মেয়াদি। মেয়াদ শেষে মুনাফা ১১ দশমিক ৭৬ শতাংশ। তবে বছরভিত্তিক মুনাফার হার ভিন্ন। মুনাফার হার ১ম বছর শেষে ৯ দশমিক ৭০ শতাংশ, ২য় বছর শেষে ১০ দশমিক ১৫ শতাংশ, ৩য় বছর শেষে ১০ দশমিক ৬৫ শতাংশ, ৪র্থ বছর শেষে ১১ দশমিক ২০ শতাংশ এবং ৫ম বছর শেষে ১১ দশমিক ৭৬ শতাংশ। এক বছরের আগে ভাঙানো হলে কোনো মুনাফা দেওয়া হয় না।\r\n\r\nতবে ত্রৈমাসিক ভিত্তিতেও পেনশনার সঞ্চয়পত্র থেকে মুনাফা তোলা যায়। যেমন ৫০ হাজার টাকা মূল্যমানের মুনাফা ১ হাজার ৪৭০ টাকা। একইভাবে ১ লাখ টাকায় ২ হাজার ৯৪০ টাকা, ২ লাখ টাকায় ৫ হাজার ৮৮০ টাকা, ৫ লাখ টাকায় ১৪ হাজার ৭০০ টাকা এবং ১০ লাখ টাকায় ২৯ হাজার ৪০০ টাকা। ত্রৈমাসিক মুনাফা উত্তোলনের পর ৫ বছর মেয়াদ শেষে মূল বিনিয়োগকৃত অর্থ ফেরত পাওয়া যায়। মেয়াদপূর্তির আগে সঞ্চয়পত্র নগদায়ন করলে ত্রৈমাসিক মুনাফা কর্তনের পর বাকি অর্থ ফেরত দেওয়া হয়।\r\n\r\nসঞ্চয় অধিদপ্তর সূত্রে জানা গেছে, ২০০৪ সালে শুরু হওয়ার সময় এ সঞ্চয়পত্রের মুনাফার হার ছিল মেয়াদ পূর্তিতে ১১ শতাংশ। এক বছর পরই তা বাড়িয়ে ১২ দশমিক ৫ শতাংশ করা হয়, যা চালু থাকে ২০১০ সালের জুন পর্যন্ত। ২০১০ সালের জুলাই থেকে তা কমিয়ে আবার ১১ শতাংশ করা হয়, যা এক বছর ঠিক থাকে। পরের এক বছরের জন্য আবার বাড়িয়ে করা হয় ১১ দশমিক ৮১ শতাংশ। তারপর আরও বাড়িয়ে করা হয় ১৩ দশমিক ১৯ শতাংশ। এই হার টিকে থাকে ২০১৫ সালের জুন পর্যন্ত। একই বছরের জুলাই থেকে ছয় বছর ধরে মুনাফার হার ১১ দশমিক ৭৬ শতাংশ বহাল আছে।\r\n\r\nএ সঞ্চয়পত্র যেখান থেকে সঞ্চয়পত্র কেনা হয়, সেখানে ভবিষ্য তহবিলের মঞ্জুরিপত্র এবং প্রাপ্ত আনুতোষিকের মঞ্জুরিপত্র অথবা নিয়োগকারী কর্তৃপক্ষের একটি সনদ দাখিল করতে হয়। এ সঞ্চয়পত্র ব্যাংকঋণের জন্য জামানত বা আমানত হিসেবে ব্যবহার করা যায় না। ব্যবসা-বাণিজ্যেও এ সঞ্চয়পত্র জামানত হিসেবে ব্যবহার করা যায় না।\r\n\r\nজাতীয় সঞ্চয় অধিদপ্তরের ২০২০ সালের বার্ষিক প্রতিবেদন অনুযায়ী বিদায়ী ২০১৯-২০ অর্থবছরে সাড়ে ৪ হাজার কোটি টাকার পেনশনার সঞ্চয়পত্র বিক্রি হয়েছে। একই সময়ে সরকারকে এ সঞ্চয়পত্রের বিপরীতে মুনাফা দিতে হয়েছে ৩ হাজার কোটি টাকা।\r\n\r\nসঞ্চয় অধিদপ্তরের মহাপরিচালক সামছুন্নাহার বেগম জানান, বিনিয়োগের আকর্ষণীয় ক্ষেত্র পেনশনার সঞ্চয়পত্র। সাধারণত মোট বিক্রির ৭ থেকে ৮ শতাংশ প্রতিবছরই এ সঞ্চয়পত্র থেকে আসে। আগের অর্থবছরে ৭ দশমিক ১৩ শতাংশ হলেও বিদায়ী অর্থবছরে তা কমে ৭ শতাংশ হয়েছে। যেহেতু অবসরভোগীরাই এ সঞ্চয়পত্রে বিনিয়োগ করেন, তাই হুট করে এতে বেশি বিনিয়োগ বৃদ্ধির সুযোগ নেই বলেও মন্তব্য করেন তিনি।', 34, '2021-03-22 19:17:48', 24, './assets/images/bs.jpg'),
(48, 'সাকিবের বক্তব্যে কঠোর বিসিবি', 'আগুন জ্বালিয়ে দিয়েছেন সাকিব আল হাসান। সেই আগুনের উত্তাপ পৌঁছে গেছে গুলশানে বিসিবি সভাপতি নাজমুল হাসানের বাড়ি পর্যন্ত। পরশু রাতে এক ফেসবুক লাইভে সাকিবের করা বিসিবির সমালোচনার পর করণীয় ঠিক করতে কাল সন্ধ্যায় সেখানেই সভায় বসেছিলেন বোর্ডের কয়েকজন শীর্ষ কর্মকর্তা।\r\n\r\nসভার পর জাতীয় দলের সাবেক দুই অধিনায়ক এবং বিসিবি পরিচালক আকরাম খান ও নাঈমুর রহমান অবশ্য বলেছেন বাংলাদেশ দলের চলমান নিউজিল্যান্ড সফর ও বোর্ডের আরও কিছু বিষয় নিয়ে তাঁদের সভাটা পূর্বনির্ধারিতই ছিল। কিন্তু ঘটনাক্রমে সেখানে আলোচনার বিষয় হয়ে ওঠে সাকিবের ফেসবুক লাইভ। অবশ্য দুজনই বলেছেন সাকিবের আলোচিত লাইভ অনুষ্ঠানটি তাঁরা তখন পর্যন্ত দেখেননি।\r\n\r\nসাকিবের লাইভ না দেখলেও সংবাদমাধ্যমে এ–সংক্রান্ত খবরাখবর পড়ে এবং দেখে তাঁর ব্যাপারে কঠোর মনোভাবই প্রদর্শন করেছেন আকরাম ও নাঈমুর। সাকিব লাইভে বলেছেন, আইপিএল খেলতে চেয়ে তিনি যে চিঠিটি বিসিবিকে দিয়েছিলেন, সেখানে টেস্ট খেলতে চান না, এমন কিছু বলেননি। আকরাম খান হয়তো তাঁর চিঠিটি ঠিকভাবে পড়েনইনি। সভার পর এ ব্যাপারে আকরামের বক্তব্যে ক্ষোভটা স্পষ্ট, ‘আমরা তার চিঠি পড়ে ভুল বুঝতে পারি। সে হয়তো টেস্ট খেলতে চায়। আগ্রহ থাকলে অবশ্যই সে টেস্ট খেলবে। সে ক্ষেত্রে তাকে দেওয়া আইপিএলের অনাপত্তিপত্রটি আমরা পুনর্বিবেচনা করব।’ তবে পরে আবার তিনি বলেছেন, ‘ও (সাকিব) যে সময়ের জন্য ছুটি চেয়েছে, সে সময় শ্রীলঙ্কায় আমাদের দুটি টেস্টই খেলতে যাওয়ার কথা। ওয়ানডে বা টি–টোয়েন্টি নয়। সাকিব তো ওই সিরিজটা না খেলেই আইপিএল খেলতে চেয়েছে।’', 33, '2021-03-22 06:34:10', 24, './assets/images/Sports.jpg'),
(49, 'পুনরায় চালু হচ্ছে ঢাকা–যশোরে বিমানের ফ্লাইট', 'পুনরায় চালু হচ্ছে ঢাকা-যশোর-ঢাকা রুটে বিমান বাংলাদেশ এয়ারলাইনসের ফ্লাইট। ২৮ মার্চ থেকে এ রুটে সপ্তাহে নয়টি ফ্লাইট পরিচালিত হবে বলে এক প্রেস বিজ্ঞপ্তিতে জানিয়েছে বিমান বাংলাদেশ এয়ারলাইনস।\r\n\r\nকরোনাভাইরাস মহামারির কারণে পরিস্থিতির অবনতি হলে গত বছরের ১৫ আগস্ট থেকে বন্ধ ছিল এই ফ্লাইট।\r\n\r\nপাশাপাশি ঢাকা-সৈয়দপুর-ঢাকা রুটে ফ্লাইটের সংখ্যাও বাড়ানো হবে। সপ্তাহে ৩টির বদলে এখন থেকে ফ্লাইট চলবে ১০টি।', 38, '2021-03-22 06:35:54', 24, './assets/images/bangla.jpg'),
(50, 'তাইওয়ানে টিকা দেওয়া শুরু, নিলেন প্রধানমন্ত্রীও', 'তাইওয়ানের প্রধানমন্ত্রী সু সেং–চ্যাং অক্সফোর্ড–অ্যাস্ট্রাজেনেকার তৈরি করোনার টিকা নিয়েছেন। আজ সোমবার দ্বীপটিতে টিকাদান কর্মসূচির শুরুর দিকে দেশটির প্রধানমন্ত্রী টিকা নিয়েছেন। বলা হচ্ছে, অ্যাস্ট্রাজেনেকার তৈরি টিকা নিরাপদ প্রমাণ করতেই শুরুর দিকেই টিকা নিলেন সু সেং-চ্যাং।\r\n\r\nবার্তা সংস্থা রয়টার্সের খবরে বলা হয়েছে, এক ডজনের বেশি ইউরোপীয় দেশ গত সপ্তাহে অ্যাস্ট্রাজেনেকার তৈরি করোনার টিকার প্রয়োগ বন্ধ ঘোষণা করেছিল।\r\n\r\nঅভিযোগ ছিল, এই টিকার ব্যবহারে মানুষের দেহের রক্ত জমাট বেঁধে যাচ্ছে। তবে বিশ্ব স্বাস্থ্য সংস্থার (ডব্লিউএইচও) ইউরোপীয় পরিচালক গত বৃহস্পতিবার জানান যে এই টিকা নিরাপদ ও কার্যকর। এরপর গত শুক্রবার থেকে এ টিকার প্রয়োগ পুনরায় শুরু হয়।\r\n\r\nসোমবার টিকা নেওয়ার পর তাইওয়ানের প্রধানমন্ত্রী সু সেং-চ্যাং বলেন, ‘আমি সদ্যই টিকা নিয়েছি। কোনো ব্যথা নেই এবং শরীরেও কোনো অস্বস্তি নেই।’ রাজধানী তাইপের ন্যাশনাল তাইওয়ান ইউনিভার্সিটি হসপিটালে টিকা নেন তিনি। সু সেং-চ্যাং বলেন, ‘চিকিৎসক আমাকে বলেছেন, বিশুদ্ধ পানি বেশি করে পান করতে এবং বিশ্রাম নিতে। প্রথম নির্দেশনা মানব আমি। তবে দ্বিতীয়টি মেনে চলা একটু কঠিন। তবে আমি যতটা বেশি সম্ভব বিশ্রাম নেওয়ার চেষ্টা করব।’\r\n\r\n তাইওয়ানে চলতি মাসের শুরুর দিকে অ্যাস্ট্রাজেনেকার তৈরি ১ লাখ ১৭ হাজার ডোজ টিকা আসে। এই টিকাগুলো দক্ষিণ কোরিয়ার কারখানায় উৎপাদিত। দ্বীপটিতে প্রথম পর্যায়ে ৬০ হাজার মানুষ করোনার টিকা নেবেন। তাইওয়ানের নিউ তাইপের শহরে প্রথম করোনার টিকা নিয়েছেন একজন স্বাস্থ্যকর্মী।', 38, '2021-03-22 06:37:49', 24, './assets/images/wn.jpg'),
(51, '২৬ মার্চ শোভাযাত্রার অনুমতি পায়নি বিএনপি', '২৬ মার্চ স্বাধীনতা দিবসে রাজধানীতে শোভাযাত্রা করার অনুমতি পায়নি বিএনপি। পরদিন ২৭ মার্চ তাদের শোভাযাত্রাটি করার পরামর্শ দিয়েছে ঢাকা মহানগর পুলিশ (ডিএমপি)। \r\n\r\nবিএনপির প্রচার সম্পাদক শহীদ উদ্দীন চৌধুরী আজ রোববার রাতে প্রথম আলোকে এ তথ্য জানিয়েছেন।\r\n\r\n স্বাধীনতা দিবস উপলক্ষে ২৬ মার্চ ঢাকায় শোভাযাত্রা এবং ৩০ মার্চ সোহরাওয়ার্দী উদ্যানে সমাবেশ করার ঘোষণা দিয়েছিল বিএনপি।\r\n\r\n বিষয়টি নিয়ে দুপুরে বিএনপির প্রতিনিধিদল ডিএমপির ভারপ্রাপ্ত কমিশনার মনিরুল ইসলামের সঙ্গে সাক্ষাৎ করেন। এই দলে শহীদ উদ্দীনের সঙ্গে বিএনপির চেয়ারপারসনের উপদেষ্টা আবদুস সালাম ছিলেন।\r\nদুটি কর্মসূচিরই অনুমতি পায়নি বিএনপি। শহীদ উদ্দীন চৌধুরী প্রথম আলোকে বলেন, সোহরাওয়ার্দী উদ্যানে সমাবেশের বিষয়ে পুলিশ বলেছে, সেখানে এখন বইমেলা চলছে। তাই তাঁরা যেন সমাবেশ না করেন।\r\n\r\nশহীদ উদ্দীন বলেন, পুলিশ পূর্বঘোষিত কর্মসূচি পালন করার বিষয়ে নানা বিধিনিষেধের কথা বলেছে। এ বিষয়ে দলের জ্যেষ্ঠ নেতাদের সঙ্গে আলোচনা করে কর্মসূচি পালনের বিষয়ে সিদ্ধান্ত নেওয়া হবে।\r\n\r\nস্বাধীনতার সুবর্ণজয়ন্তী উদযাপনে বিএনপির পক্ষ থেকেও একটি কমিটি গঠন করা হয়েছে। ওই কমিটি ১ মার্চ থেকে বছরব্যাপী কর্মসূচি ঘোষণা করেছে। তারই অংশ হিসেবে ২৬ মার্চ ও ৩০ মার্চের কর্মসূচি ঘোষণা করেছিল দলটি\r\n', 31, '2021-03-22 06:39:41', 24, './assets/images/p.jpg'),
(52, 'গান দিয়ে শেষ হচ্ছে ‘শান’', 'সমুদ্রসৈকতে শুরু হয়েছে শান ছবির শেষ শুটিং। গত বছরের মার্চের শুরুর দিকে করোনাভাইরাসের সংক্রমণ শুরু হলে বন্ধ হয়ে যায় ছবিটির শুটিং। বাকি ছিল একটি গান। সিয়াম-পূজাকে নিয়ে গানটির শুটিংয়ের মধ্য দিয়ে শেষ হচ্ছে ছবির কাজ।\r\n ছবির এ গানের শুটিংয়ের প্রস্তুতি নেওয়ার আগেই করোনাভাইরাস ছড়িয়ে পড়ে। প্রায় এক বছর পর গানটির শুটিং শুরু হয়েছে সেন্ট মার্টিনে। আজ সোমবার শেষ হবে শুটিং। সেন্ট মার্টিনের সমুদ্রসৈকত ও ছেঁড়াদ্বীপে শুটিং করা হবে বলে জানিয়েছেন পরিচালক। \r\n\r\n', 35, '2021-03-22 06:41:26', 24, './assets/images/Et.jpg'),
(53, 'পল্লী বিদ্যুৎ নেবে ৪৬ জন', 'বাংলাদেশ পল্লী বিদ্যুতায়ন বোর্ড সম্প্রতি নিয়োগ বিজ্ঞপ্তি দিয়েছে। প্রতিষ্ঠানটি তাদের অভ্যন্তরীণ বেশ কয়েকটি শূন্য পদে লোকবল নিয়োগ দেবে। আগ্রহীরা অনলাইনে আবেদন করতে পারবেন।\r\n প্রতিষ্ঠানের নাম—বাংলাদেশ পল্লী বিদ্যুতায়ন বোর্ড\r\n পদের নাম—সহকারী স্টোরকিপার\r\n পদের সংখ্যা—৪৬টি\r\n আবেদনের যোগ্যতা\r\n *কমপক্ষে এইচএসসি পাস।\r\n *কম্পিউটার চালনায় দক্ষ হতে হবে।\r\n *অফিস অ্যাপ্লিকেশন সম্পর্কে সম্যক ধারণা থাকতে হবে।\r\n *বয়সসীমা ৩০ বছর। কোটায় আবেদন করলে ৩২ বছর।\r\n আবেদন যেভাবে\r\n আগ্রহীরা অনলাইনে আবেদন করতে পারবেন http://brebhr.teletalk.com.bd/home.php এই ঠিকানায়।\r\n আবেদনের শেষ তারিখ\r\n ৩১ মার্চ, ২০২১ পর্যন্ত\r\n বেতন ও সুযোগ–সুবিধা\r\n *বেতন ১৮৩০০ টাকা (প্রবেশনারি)\r\n *বেতন ১৯০৬০ টাকা (প্রবেশনারি শেষে) ', 37, '2021-03-22 06:43:13', 24, './assets/images/Job.jpg'),
(54, 'সহকর্মীর সঙ্গে অনৈতিক সম্পর্কের অভিযোগ, সোনালী ব্যাংকের কর্মকর্তা সাময়িক বরখাস্ত', 'নারী সহকর্মীর সঙ্গে অনৈতিক সম্পর্কে জড়ানোর অভিযোগে সোনালী ব্যাংক লিমিটেডের সহকারী মহাব্যবস্থাপক পদমর্যাদার এক নির্বাহীকে সাময়িক বরখাস্ত করা হয়েছে। একই সঙ্গে নারী-পুরুষ সব সহকর্মীর সঙ্গে পেশাদারি সম্পর্কের বাইরে ব্যক্তিগত অনৈতিক সম্পর্ক স্থাপনের ব্যাপারে ব্যাংকের সব কর্মকর্তা-কর্মচারীকে সতর্ক করেছে রাষ্ট্রায়ত্ত এ ব্যাংক।\r\n\r\n১৬ মার্চ সোনালী ব্যাংক তাদের সব শাখার সব কর্মকর্তা-কর্মচারীর উদ্দেশে এ বিষয়ে একটি চিঠি দেয়। ভারপ্রাপ্ত মহাব্যবস্থাপক সরদার মুজিবুর রহমান ও উপমহাব্যবস্থাপক মো. খায়রুল আলম স্বাক্ষরিত ওই চিঠিতে বলা হয়েছে, অ্যাসিস্ট্যান্ট জেনারেল ম্যানেজার (সহকারী মহাব্যবস্থাপক) পদমর্যাদার একজন নির্বাহীর বিরুদ্ধে নারী সহকর্মীর সঙ্গে অনৈতিক সম্পর্ক স্থাপনসংক্রান্ত অভিযোগের তদন্ত প্রতিবেদন উপস্থাপন করা হলে ব্যবস্থাপনা কর্তৃপক্ষ কর্তৃক সংশ্লিষ্ট নির্বাহীকে সাময়িক বরখাস্ত করাসহ তাঁর বিরুদ্ধে অভিযোগনামা ও অভিযোগবিবরণী দায়ের করার সিদ্ধান্ত নিয়েছে।\r\n\r\nএ অবস্থায়, নারী-পুরুষনির্বিশেষে সব সহকর্মীর সঙ্গে পেশাদারি সম্পর্কের বাইরে ব্যক্তিগত অনৈতিক সম্পর্ক এড়িয়ে চলার জন্য ব্যাংকের সব পর্যায়ের নির্বাহী/কর্মকর্তা-কর্মচারীদের কর্তৃপক্ষের নির্দেশ মেনে চলতে সতর্ক করা হয়।', 34, '2021-03-22 07:04:59', 24, './assets/images/B.jpg'),
(55, 'ঢাকার হজরত শাহজালাল আন্তর্জাতিক বিমানবন্দরে তেঁতুলের আচারের বয়ামে লুকিয়ে পাচারের সময় ইয়াবাসহ সৌদি আর', 'ঢাকার হজরত শাহজালাল আন্তর্জাতিক বিমানবন্দরে তেঁতুলের আচারের বয়ামে লুকিয়ে পাচারের সময় ইয়াবাসহ সৌদি আরবগামী এক যাত্রীকে আটক করেছে বিমানবন্দর আর্মড পুলিশ। দুটি বয়ামে ১০ হাজার পিস ইয়াবা পাচার করা হচ্ছিল। গতকাল রোববার দিবাগত রাত সাড়ে তিনটার দিকে তাঁকে আটক করা হয়।\r\n\r\nবিমানবন্দর আর্মড পুলিশের অতিরিক্ত পুলিশ সুপার (অপারেশনস) মো. আলমগীর হোসেন বলেছেন, বিমানবন্দরে বহির্গমন টার্মিনাল থেকে রাকিব হোসেন (৩১) নামের ওই যাত্রীকে আটক করা হয়। রাকিবের বাড়ি লক্ষ্মীপুরের রামগঞ্জে।', 39, '2021-03-22 07:07:17', 24, './assets/images/Bangla1.jpg'),
(56, 'নেতানিয়াহুর বাড়ির সামনে ব্যাপক বিক্ষোভ', 'ইসরায়েলে বেনিয়ামিন নেতানিয়াহুর বাসভবনের বাইরে বিক্ষোভে অংশ নিয়েছেন হাজার হাজার ইসরায়েলি নাগরিক। স্থানীয় সময় গতকাল শনিবার নেতানিয়াহুর নীতি ও ক্ষমতা কুক্ষিগত করার বিরোধিতা করে তাঁরা বিক্ষোভ শুরু করেন। আজ রোববারও বিক্ষোভ চলছে। \r\n\r\nআন্তর্জাতিক বার্তা সংস্থা এএফপির এক প্রতিবেদনে বলা হয়, সাধারণ নির্বাচনের দিন দু-এক আগে নেতানিয়াহুর বাসভবনের বাইরে বিক্ষোভ শুরু হলো। স্থানীয় সময় আগামীকাল সোমবার ইসরায়েলে সাধারণ নির্বাচন অনুষ্ঠিত হওয়ার কথা রয়েছে। বিশ্লেষকেরা মনে করছেন, এই নির্বাচনে পরাজিত হতে পারেন নেতানিয়াহু। বিশ্বের অন্যতম প্রভাবশালী দেশের প্রধানমন্ত্রী হিসেবে টানা ১২ বছর ক্ষমতায় আছেন নেতানিয়াহু। দুই বছরের কম সময়ের মধ্যে ইসরায়েলে এটি চতুর্থ দফা নির্বাচন।\r\nএএফপি বলছে, নেতানিয়াহুর বিরোধীরা তাঁর বিরুদ্ধে দুর্নীতির অভিযোগ তুলে বলছেন, করোনাভাইরাস মহামারির সময় লকডাউনসহ তাঁর বিভিন্ন সিদ্ধান্তে অব্যবস্থাপনা ও অদক্ষতার কারণে দেশের অর্থনীতি ক্ষতিগ্রস্ত হয়েছে এবং অনেক মানুষ কর্মহীন হয়ে পড়েছেন। \r\n\r\nনেতানিয়াহুর বাসভবনের বাইরে সংঘটিত ওই বিক্ষোভে নেতৃত্বে মূলত তরুণেরা। বিক্ষোভে অংশ নেওয়াদের ইসরায়েলি পতাকা হাতে নিয়ে স্লোগান দিতে দেখা গেছে। বিক্ষোভকারীরা সে সময় নেতানিয়াহুর ডাকনাম ধরে ‘বিবি বাড়ি যাও’ বলে চিৎকার করতে থাকেন।\r\n\r\nবিক্ষোভে অংশ নেওয়াদের হাতে নেতৃত্ব পরিবর্তনের প্রয়োজনীয়তাসহ পুলিশের প্রতি মানুষের অনাস্থার বেশ কিছু বার্তাসংবলিত প্ল্যাকার্ড দেখা যায়। তেল আবিবের ৬‍০ বছর বয়সী আইনজীবী আনাত গৌরেল্লে এএফপিকে বলেন, ‘আমরা একজন একনায়কের বিরুদ্ধে প্রতিবাদ করতে এসেছি। ইসরায়েলে যা হচ্ছে তা ভয়াবহ। কেউ একজন ক্ষমতার অপব্যবহার করে তাঁর নিজের মানুষের কাছ থেকে চুরি করছেন। এটি চিন্তাও করা যায় না। তাঁর বিদায়ের আগ পর্যন্ত আমরা প্রতিবাদ চালিয়ে যাব।’ \r\n\r\nনেতানিয়াহু ইসরায়েলের প্রথম প্রধানমন্ত্রী, যিনি দুর্নীতির দায়ে অভিযুক্ত হয়েছেন। গত বছর তাঁর বিরুদ্ধে আনুষ্ঠানিকভাবে তিনটি দুর্নীতির মামলা হয়। এর মধ্যে ঘুষ নেওয়া এবং ইতিবাচক কভারেজ পাওয়ার বিনিময়ে মিডিয়াকে বিশেষ বাণিজ্যিক সুবিধা দেওয়ার অভিযোগ রয়েছে।', 38, '2021-03-22 07:09:31', 24, './assets/images/W1.jpg'),
(57, 'শেয়ারবাজারে ১২ বছর পর আরেক ব্যাংক যুক্ত হচ্ছে', '১২ বছর পর দেশের শেয়ারবাজারে যুক্ত হচ্ছে আরও একটি ব্যাংক। শেয়ারবাজারে যুক্ত হচ্ছে চতুর্থ প্রজন্মের এনআরবি কমার্শিয়াল (এনআরবিসি) ব্যাংক। চতুর্থ প্রজন্মের ব্যাংকের মধ্যে এটিই প্রথম শেয়ারবাজারে যুক্ত হচ্ছে। দেশের দুই স্টক এক্সচেঞ্জে একযোগে কোম্পানিটির লেনদেন শুরু হবে আজ সোমবার।\r\n\r\nএর আগে দুই স্টক এক্সচেঞ্জের সঙ্গে আনুষ্ঠানিক তালিকাভুক্ত হবে ব্যাংকটি। প্রধান শেয়ারবাজার ঢাকা স্টক এক্সচেঞ্জের (ডিএসই) ওয়েবসাইটে এনআরবিসি ব্যাংকের তালিকাভুক্তির বিষয়ে তথ্য প্রকাশ করা হয়েছে। এনআরবিসি ব্যাংক প্রাথমিক গণপ্রস্তাব বা আইপিওতে ১২ কোটি শেয়ার ছেড়ে ১২০ কোটি টাকা সংগ্রহ করেছে। আইপিওতে প্রতিটি শেয়ার বিনিয়োগকারীদের মধ্যে ১০ টাকা অভিহিত মূল্য বা ফেসভ্যালুতে বিক্রি করা হয়। ব্যাংকটি জানিয়েছে, আইপিওর মাধ্যমে সংগৃহীত অর্থের মধ্যে ১১০ কোটি টাকা সরকারি বিভিন্ন সিকিউরিটিজে বিনিয়োগ করা হবে। ৬ কোটি টাকা বিনিয়োগ করা হবে শেয়ারবাজারে।\r\nএর আগে শেয়ারবাজারে সর্বশেষ তালিকাভুক্ত ব্যাংক ছিল ফার্স্ট সিকিউরিটি ইসলামী ব্যাংক। ২০০৮ সালে ব্যাংকটি শেয়ারবাজারে তালিকাভুক্ত হয়েছিল। তার ১২ বছর পর শেয়ারবাজারে যুক্ত হচ্ছে এনআরবিসি ব্যাংক। ব্যাংকটি যুক্ত হওয়ার পর শেয়ারবাজারে ব্যাংকের সংখ্যা বেড়ে দাঁড়াবে ৩১। এর মধ্যে একমাত্র রূপালী ব্যাংক ছাড়া বাকি ৩০টিই দেশীয় মালিকানাধীন বেসরকারি ব্যাংক। বর্তমানে দেশীয় মালিকানাধীন বেসরকারি ব্যাংকের সংখ্যা ৪২।\r\n\r\nএদিকে তালিকাভুক্তির আগে গতকাল ডিএসইতে অনিরীক্ষিত আর্থিক প্রতিবেদন প্রকাশ করেছে এনআরবিসি ব্যাংক। আর্থিক প্রতিবেদনের তথ্য অনুযায়ী, গত জুলাই থেকে সেপ্টেম্বর—এ তিন মাসে ব্যাংকটি কর-পরবর্তী ১০৪ কোটি টাকার বেশি মুনাফা করেছে। তাতে ব্যাংকটির শেয়ারপ্রতি আয় বা ইপিএস দাঁড়িয়েছে ১ টাকা ৭৯ পয়সা। তবে আইপিওর ১২ কোটি শেয়ারকে বিবেচনায় নেওয়ার পর শেয়ারপ্রতি আয় দাঁড়ায় প্রায় ১ টাকা ৪৯ পয়সায়।\r\n\r\nনতুন তালিকাভুক্ত কোম্পানি হিসেবে এনআরবিসি ব্যাংক ‘এ’ শ্রেণিভুক্ত হবে। নিয়ম অনুযায়ী, প্রথম ৩০ কার্যদিবস লেনদেনে এ ব্যাংকের শেয়ার কেনায় ঋণসুবিধা মিলবে না।\r\n', 34, '2021-03-22 07:17:26', 24, './assets/images/share.jpg'),
(58, 'করোনায় আক্রান্ত সাদমান ইসলাম', 'দুঃসময় যেন কাটছেই না টেস্ট ওপেনার সাদমান ইসলামের। চোটের কারণে লম্বা বিরতি থেকে ফিরে ওয়েস্ট ইন্ডিজের বিপক্ষে একটি টেস্ট খেলে আবারও চোটে পড়েন এই বাঁহাতি ওপেনার। খেলতে পারেননি দ্বিতীয় টেস্টে। চোট কাটিয়ে আজ আবার মাঠে নামার কথা ছিল তাঁর, আজ শুরু হওয়া জাতীয় লিগ দিয়ে ক্রিকেটে ফিরবেন, পরিকল্পনা ছিল এমনটাই। কিন্তু সব পরিকল্পনা ভেস্তে দিয়েছে একটি করোনা রিপোর্ট। জাতীয় লিগের আগে করোনা পরীক্ষায় পজিটিভ ফল পেয়েছেন এই তরুণ। খেলাটেলার চিন্তা তাই বাদ এখন। নিজেকে আটকে রেখেছেন আইসোলেশনে। \r\n\r\nআজ বরিশালে জাতীয় লিগের দ্বিতীয় ধাপের ম্যাচে বরিশাল বিভাগের বিপক্ষে সাদমানকে ছাড়াই খেলছে তাঁর দল ঢাকা মেট্রো। ১৯ মার্চ করোনা পরীক্ষা নমুনা জমা দিয়েছিলেন ঢাকা মেট্রোর এই ওপেনার। সে পরীক্ষার রিপোর্টেই জানা গেছে, করোনা পজিটিভ তিনি। কাল আবারও নমুনা দিয়েছেন পরীক্ষা করার জন্য। সে রিপোর্ট অবশ্য এখনো হাতে পাননি। \r\n\r\nদ্বিতীয় পরীক্ষায় ফল নেগেটিভ হলে ২৯ মার্চ শুরু হতে যাওয়া দ্বিতীয় রাউন্ডের ম্যাচে খেলতে বাঁধা নেই সাদমানের। তবে আগামী ১২ এপ্রিল শ্রীলঙ্কায় টেস্ট দলের সফরের আগে সাদমানের প্রস্তুতিতে কিছুটা হলেও বাঁধাগ্রস্ত হলো। \r\n\r\nপ্রথম আলোকে তিনি বলছিলেন, \'তেমন কোনো লক্ষণ ছিল না আমাদের। প্রথম পরীক্ষায় পজিটিভ আসায় খেলছি না। আশা করি দ্বিতীয় রাউন্ডে খেলতে পারব। দোয়া করবেন।\'', 33, '2021-03-22 07:20:50', 24, './assets/images/Sadman_2.jpg'),
(61, 'উখিয়া রোহিঙ্গা ক্যাম্পের আগুন নিয়ন্ত্রণে, সাড়ে ৯ হাজার ঘর ছাই', 'কক্সবাজারের উখিয়া উপজেলার বালুখালী ৮ নম্বর রোহিঙ্গা শরণার্থীশিবিরের আগুন রাত পৌনে ১০টার দিকে নিয়ন্ত্রণে আনা হয়েছে। প্রাথমিকভাবে ধারণা করা হচ্ছে, এ ঘটনায় ৯ হাজার ৬০০ ঘর পুড়ে গেছে। তবে তাৎক্ষণিক হতাহতের কোনো তথ্য পাওয়া যায়নি।\r\n\r\nপ্রথম আলোকে এ তথ্য জানিয়েছেন শরণার্থী ত্রাণ ও প্রত্যাবাসনের অতিরিক্ত কমিশনার মো. সামছুদ্দৌজা নয়ন। \r\n\r\nসোমবার বেলা তিনটার দিকে শিবিরের একটি ঘর থেকে আগুনের সূত্রপাত হয়। সঙ্গে সঙ্গে আশপাশে ছড়িয়ে পড়লে একের পর এক রোহিঙ্গা বসতি পুড়ে যায়।\r\n\r\nউখিয়া ফায়ার সার্ভিসের দলনেতা ইমদাদুল হক বলেন, আগুন নিয়ন্ত্রণে আনার জন্য চারটি ইউনিট কয়েক ঘণ্টা ধরে কাজ করে। রাত পৌনে ১০টার দিকে আগুন নিয়ন্ত্রণে আনা সম্ভব হলেও কোথাও কোথাও বিচ্ছিন্নভাবে আগুন জ্বলতে দেখা যাচ্ছে। আগুনের সূত্রপাত গ্যাস সিলিন্ডার থেকে হতে পারে বলে ধারণা করা হচ্ছে।', 39, '2021-03-22 18:52:50', 24, './assets/images/fire-camp.jpg');

-- --------------------------------------------------------

--
-- Table structure for table `user`
--

CREATE TABLE `user` (
  `user_id` int(10) UNSIGNED NOT NULL,
  `first_name` varchar(30) NOT NULL,
  `last_name` varchar(30) NOT NULL,
  `username` varchar(30) DEFAULT NULL,
  `password` varchar(40) DEFAULT NULL,
  `role` int(11) NOT NULL
) ENGINE=MyISAM DEFAULT CHARSET=latin1;

--
-- Dumping data for table `user`
--

INSERT INTO `user` (`user_id`, `first_name`, `last_name`, `username`, `password`, `role`) VALUES
(24, 'sonia', 'akter', 'sonia', '12345', 1),
(25, 'Shah Mahbub', 'Mahbub', 'Shah Mahbub', '12345', 0),
(26, 'Mina Begum', 'Begum', 'Mina Begum', '12345', 0),
(27, 'Farzana Ali', 'Ali', 'Farzana Ali', '12345', 0),
(28, 'Lutfa Begum', 'Begum', 'Lufta Begum', '12345', 0),
(29, 'Jenny Akter', 'Akter', 'Jenny Akter', '12345', 0),
(30, 'Priya Ahmed', 'Ahmed', 'Priya Ahmed', '12345', 0),
(31, 'Rima Chowdhry', 'Chowdhry', 'Rima chowdhry', '12345', 0),
(32, 'Fahima Jannat', 'Jannat', 'Fahima Jannat', '12345', 0),
(33, 'Masuma Akter', 'Akter', 'Masuma Akter', '12345', 0),
(34, 'Shakib Ahmed', 'Ahmed', 'Shakib Ahmed', '12345', 0),
(35, 'shamima  Begum', 'Begum', 'shamima', '12345', 0);

--
-- Indexes for dumped tables
--

--
-- Indexes for table `category`
--
ALTER TABLE `category`
  ADD PRIMARY KEY (`category_id`);

--
-- Indexes for table `contact`
--
ALTER TABLE `contact`
  ADD PRIMARY KEY (`contact_id`);

--
-- Indexes for table `post`
--
ALTER TABLE `post`
  ADD PRIMARY KEY (`post_id`),
  ADD UNIQUE KEY `post_id` (`post_id`);

--
-- Indexes for table `user`
--
ALTER TABLE `user`
  ADD PRIMARY KEY (`user_id`);

--
-- AUTO_INCREMENT for dumped tables
--

--
-- AUTO_INCREMENT for table `category`
--
ALTER TABLE `category`
  MODIFY `category_id` int(11) NOT NULL AUTO_INCREMENT, AUTO_INCREMENT=40;

--
-- AUTO_INCREMENT for table `contact`
--
ALTER TABLE `contact`
  MODIFY `contact_id` int(11) NOT NULL AUTO_INCREMENT, AUTO_INCREMENT=7;

--
-- AUTO_INCREMENT for table `post`
--
ALTER TABLE `post`
  MODIFY `post_id` int(11) NOT NULL AUTO_INCREMENT, AUTO_INCREMENT=64;

--
-- AUTO_INCREMENT for table `user`
--
ALTER TABLE `user`
  MODIFY `user_id` int(10) UNSIGNED NOT NULL AUTO_INCREMENT, AUTO_INCREMENT=36;
COMMIT;

/*!40101 SET CHARACTER_SET_CLIENT=@OLD_CHARACTER_SET_CLIENT */;
/*!40101 SET CHARACTER_SET_RESULTS=@OLD_CHARACTER_SET_RESULTS */;
/*!40101 SET COLLATION_CONNECTION=@OLD_COLLATION_CONNECTION */;
